{
  "type": "minecraft:generic",
  "pools": [
    {
      "rolls": 1,
      "entries": [
        {
          "type": "minecraft:item",
          "name": "minecraft:iron_axe"
        },
        {
          "type": "minecraft:item",
          "name": "minecraft:golden_axe"
        },
        {
          "type": "minecraft:item",
          "name": "minecraft:diamond_axe"
        },
        {
          "type": "minecraft:item",
          "name": "minecraft:netherite_axe"
        },
        {
          "type": "minecraft:item",
          "name": "minecraft:wooden_axe"
        },
        {
          "type": "minecraft:item",
          "name": "forbidden_arcanus:arcane_golden_axe"
        },
        {
          "type": "minecraft:item",
          "name": "forbidden_arcanus:reinforced_arcane_golden_axe"
        },
        {
          "type": "minecraft:item",
          "name": "forbidden_arcanus:obsidian_axe"
        }
      ],
      "functions": [
        {
          "function": "minecraft:set_attributes",
          "modifiers": [
            {
              "attribute": "minecraft:generic.attack_damage",
              "name": "",
              "amount": {
                "min": 8,
                "max": 11
              },
              "operation": "addition",
              "slot": "mainhand"
            }
          ]
        },
        {
          "function": "minecraft:set_attributes",
          "modifiers": [
            {
              "attribute": "minecraft:generic.attack_speed",
              "name": "",
              "amount": {
                "min": 0.8,
                "max": 1.1
              },
              "operation": "addition",
              "slot": "mainhand"
            }
          ]
        },
        {
          "function": "minecraft:set_attributes",
          "modifiers": [
            {
              "attribute": "minecraft:generic.attack_knockback",
              "name": "",
              "amount": {
                "min": 0,
                "max": 1
              },
              "operation": "addition",
              "slot": "mainhand"
            }
          ],
          "conditions": [
            {
              "condition": "minecraft:random_chance",
              "chance": 0.2
            }
          ]
        },
        {
          "function": "minecraft:set_name",
          "name": {
            "translate": "item.soaring_depths.relic.axe",
            "bold": true,
            "italic": false
          }
        }
      ]
    }
  ]
}
