{
    "type": "minecraft:generic",
    "pools": [
      {
        "rolls": 1,
        "entries": [
          {
            "type": "minecraft:item",
            "name": "minecraft:iron_sword"
          },
          {
            "type": "minecraft:item",
            "name": "minecraft:golden_sword"
          },
          {
            "type": "minecraft:item",
            "name": "minecraft:diamond_sword"
          },
          {
            "type": "minecraft:item",
            "name": "minecraft:netherite_sword"
          },
          {
            "type": "minecraft:item",
            "name": "minecraft:wooden_sword"
          },
          {
            "type": "minecraft:item",
            "name": "forbidden_arcanus:obsidian_sword"
          },
          {
            "type": "minecraft:item",
            "name": "forbidden_arcanus:arcane_golden_sword"
          },
          {
            "type": "minecraft:item",
            "name": "forbidden_arcanus:reinforced_arcane_golden_sword"
          },
          {
            "type": "minecraft:item",
            "name": "betterendforge:thallasium_sword"
          }
        ],
        "functions": [
          {
            "function": "minecraft:set_attributes",
            "modifiers": [
              {
                "attribute": "minecraft:generic.attack_damage",
                "name": "",
                "amount": {
                  "min": 5,
                  "max": 9
                },
                "operation": "addition",
                "slot": "mainhand"
              }
            ]
          },
          {
            "function": "minecraft:set_attributes",
            "modifiers": [
              {
                "attribute": "minecraft:generic.attack_speed",
                "name": "",
                "amount": {
                  "min": 1.6,
                  "max": 1.7
                },
                "operation": "addition",
                "slot": "mainhand"
              }
            ]
          },
          {
            "function": "minecraft:set_attributes",
            "modifiers": [
              {
                "attribute": "minecraft:generic.attack_knockback",
                "name": "",
                "amount": {
                  "min": 0,
                  "max": 1
                },
                "operation": "addition",
                "slot": "mainhand"
              }
            ],
            "conditions": [
              {
                "condition": "minecraft:random_chance",
                "chance": 0.2
              }
            ]
          },
          {
            "function": "minecraft:set_name",
            "name": {
              "translate": "item.soaring_depths.relic.sword",
              "bold": true,
              "italic": false
            }
          }
        ]
      }
    ]
  }
  