{
  "type": "minecraft:generic",
  "pools": [
    {
      "rolls": 1,
      "entries": [
        {
          "type": "minecraft:item",
          "name": "unactivatedtotems:unactivated_totem"
        }
      ],
      "functions": [
        {
          "function": "minecraft:set_attributes",
          "modifiers": [
            {
              "attribute": "minecraft:generic.max_health",
              "name": "",
              "amount": {
                "min": -2,
                "max": 1
              },
              "operation": "addition",
              "slot": "offhand"
            }
          ],
          "conditions": [
            {
              "condition": "minecraft:random_chance",
              "chance": 0.1
            }
          ]
        },
        {
          "function": "minecraft:set_attributes",
          "modifiers": [
            {
              "attribute": "minecraft:generic.luck",
              "name": "",
              "amount": 1,
              "operation": "addition",
              "slot": "offhand"
            }
          ],
          "conditions": [
            {
              "condition": "minecraft:random_chance",
              "chance": 0.1
            }
          ]
        },
        {
          "function": "minecraft:set_attributes",
          "modifiers": [
            {
              "attribute": "forge:entity_gravity",
              "name": "",
              "amount": -0.04,
              "operation": "addition",
              "slot": "offhand"
            }
          ],
          "conditions": [
            {
              "condition": "minecraft:random_chance",
              "chance": 0.1
            }
          ]
        },
        {
          "function": "minecraft:set_attributes",
          "modifiers": [
            {
              "attribute": "minecraft:generic.attack_speed",
              "name": "",
              "amount": {
                "min": 0.01,
                "max": 0.1
              },
              "operation": "multiply_total",
              "slot": "offhand"
            }
          ],
          "conditions": [
            {
              "condition": "minecraft:random_chance",
              "chance": 0.1
            }
          ]
        },
        {
          "function": "minecraft:set_attributes",
          "modifiers": [
            {
              "attribute": "minecraft:generic.attack_knockback",
              "name": "",
              "amount": {
                "min": 0.01,
                "max": 0.1
              },
              "operation": "multiply_total",
              "slot": "offhand"
            }
          ],
          "conditions": [
            {
              "condition": "minecraft:random_chance",
              "chance": 0.1
            }
          ]
        },
        {
          "function": "minecraft:set_attributes",
          "modifiers": [
            {
              "attribute": "minecraft:generic.armor",
              "name": "",
              "amount": {
                "min": 1,
                "max": 3
              },
              "operation": "addition",
              "slot": "offhand"
            }
          ],
          "conditions": [
            {
              "condition": "minecraft:random_chance",
              "chance": 0.3
            }
          ]
        },
        {
          "function": "minecraft:set_name",
          "name": {
            "translate": "item.soaring_depths.relic.totem",
            "bold": true,
            "italic": false
          }
        },
        {
          "function": "minecraft:set_attributes",
          "modifiers": [
            {
              "attribute": "minecraft:generic.armor_toughness",
              "name": "",
              "amount": {
                "min": 0,
                "max": 1
              },
              "operation": "addition",
              "slot": "offhand"
            }
          ],
          "conditions": [
            {
              "condition": "minecraft:random_chance",
              "chance": 0.1
            }
          ]
        }
      ]
    }
  ]
}
