{
    "pools": [
      {
        "name": "ferrous_wroughtnaut_helmet",
        "rolls": 1,
        "conditions": [
          {
            "condition": "killed_by_player"
          }
        ],
        "entries": [
          {
            "type": "item",
            "name": "mowziesmobs:wrought_helmet",
            "weight": 1
          }
        ]
      },
      {
        "name": "ferrous_wroughtnaut_axe",
        "rolls": 1,
        "conditions": [
          {
            "condition": "killed_by_player"
          }
        ],
        "entries": [
          {
            "type": "item",
            "name": "mowziesmobs:wrought_axe",
            "weight": 1
          }
        ]
      },
      {
        "name": "loot_crate",
        "rolls": 1,
        "conditions": [
            {
                "condition": "killed_by_player"
            }
        ],
        "entries": [
            {
                "type": "minecraft:item",
                "name": "minecraft:barrel",
                "functions": [
                    {
                        "function": "minecraft:set_loot_table",
                        "name": "soaring_depths:chests/wroughtnaut_crate"
                    },
                    {
                        "function": "minecraft:set_count",
                        "count": 1
                    },
                    {
                        "function": "minecraft:set_name",
                        "name": {
                            "text": "Ferrous Wroughtnaut Crate",
                            "color": "dark_gray",
                            "bold": true,
                            "italic": false
                        }
                    }
                ]
            }
        ]
    }
    ]
  }