[
    {
        "mob": [
            "minecraft:pillager",
            "minecraft:vindicator"
        ],
        "weights": [
            10,
            3
        ],
        "persecond": 0.1,
        "attempts": 10,
        "amount": {
            "minimum": 2,
            "maximum": 5
        },
        "conditions": {
            "dimension": "minecraft:overworld",
            "maxthis": 10
        }
    },
    {
        "mob": "mowziesmobs:naga",
        "persecond": 0.01,
        "attempts": 2,
        "amount": {
            "maximum": 1,
            "minimum": 1
        },
        "conditions": {
            "dimension": "minecraft:overworld",
            "maxthis": 5
        }
    },
    {
        "mob": "kobolds:kobold_pirate",
        "persecond": 1,
        "attempts": 100,
        "amount": {
            "maximum": 2,
            "minimum": 1
        },
        "conditions": {
            "dimension": "minecraft:overworld",
            "maxthis": 10
        }
    }
]