{
  "type": "minecraft:chest",
  "pools": [
    {
      "rolls": {
        "min": 1,
        "max": 4
      },
      "entries": [
        {
          "type": "minecraft:item",
          "weight": 20,
          "name": "minecraft:kelp"
        },
        {
          "type": "minecraft:item",
          "weight": 10,
          "name": "create_confectionery:honey_candy"
        },
        {
          "type": "minecraft:item",
          "weight": 10,
          "name": "createaddition:copper_spool"
        },
        {
          "type": "minecraft:item",
          "weight": 10,
          "name": "create:brass_sheet"
        },
        {
          "type": "minecraft:item",
          "weight": 6,
          "name": "create:propeller"
        },
        {
          "type": "minecraft:item",
          "weight": 6,
          "name": "create:whisk"
        },
        {
          "type": "minecraft:item",
          "weight": 6,
          "name": "create:brass_hand"
        },
        {
          "type": "minecraft:item",
          "weight": 5,
          "name": "create:copper_nugget"
        },
        {
          "type": "minecraft:item",
          "weight": 5,
          "name": "minecraft:redstone"
        },
        {
          "type": "minecraft:item",
          "name": "minecraft:repeater"
        },
        {
          "type": "minecraft:item",
          "name": "minecraft:redstone_torch"
        },
        {
          "type": "minecraft:item",
          "name": "minecraft:redstone_lamp"
        },
        {
          "type": "minecraft:item",
          "name": "minecraft:tripwire_hook"
        },
        {
          "type": "minecraft:item",
          "name": "minecraft:piston"
        },
        {
          "type": "minecraft:item",
          "name": "minecraft:oak_log"
        },
        {
          "type": "minecraft:item",
          "name": "minecraft:spruce_log"
        },
        {
          "type": "minecraft:item",
          "name": "minecraft:stone_pressure_plate"
        }
      ],
      "functions": [
        {
          "function": "minecraft:set_count",
          "count": {
            "min": 1,
            "max": 5
          }
        }
      ]
    },
    {
      "rolls": {
        "min": 0,
        "max": 1
      },
      "entries": [
        {
          "type": "minecraft:item",
          "name": "create:goggles"
        }
      ]
    }
  ]
}
