[
    {
        "dimension": "minecraft:overworld",
        "mob": "mowziesmobs:naga",
        "structure": "worldshape:soaring_depths/jungle_ruins",
        "category": "jungle",
        "result": "allow"
    },
    {
        "mob": "mowziesmobs:naga",
        "result": "deny"
    },
    {
        "dimension": "minecraft:overworld",
        "mob": [
            "minecraft:pillager",
            "minecraft:vindicator"
        ],
        "structure": "worldshape:soaring_depths/pillager_outpost",
        "maxlight": 8,
        "result": "allow"
    },
    {
        "dimension": "minecraft:overworld",
        "mob": [
            "minecraft:pillager",
            "minecraft:vindicator"
        ],
        "structure": "worldshape:soaring_depths/pillager_outpost",
        "block": [
          "minecraft:grass",
          "minecraft:sand"  
        ],
        "result": "allow"
    },
    {
        "mob": [
            "minecraft:pillager",
            "minecraft:vindicator"
        ],
        "result": "deny"
    },
    {
        "structure": "worldshape:soaring_depths/pillager_outpost",
        "result": "deny"
    },
    {
        "dimension": "minecraft:overworld",
        "mob": [
            "minecraft:skeleton",
            "minecraft:zombie",
            "minecraft:creeper",
            "minecraft:spider",
            "minecraft:stray",
            "minecraft:husk",
            "minecraft:enderman",
            "minecraft:slime",
            "eidolon:wraith",
            "eidolon:zombie_brute",
            "minecraft:witch",
            "minecraft:zombie_villager",
            "tconstruct:earth_slime",
            "tconstruct:sky_slime"
        ],
        "mincount": {
          "amount": 30,
          "hostile": true,
          "perchunk": true
        },
        "result": "deny"
    },
    {
        "dimension": "minecraft:overworld",
        "mob": [
            "minecraft:skeleton",
            "minecraft:zombie",
            "minecraft:creeper",
            "minecraft:spider",
            "minecraft:stray",
            "minecraft:husk",
            "minecraft:enderman",
            "minecraft:slime",
            "eidolon:wraith",
            "eidolon:zombie_brute",
            "minecraft:witch",
            "minecraft:zombie_villager",
            "tconstruct:earth_slime",
            "tconstruct:sky_slime"
        ],
        "maxspawndist": 32,
        "result": "deny"
    },
    {
        "dimension": "minecraft:overworld",
        "mob": [
            "minecraft:skeleton",
            "minecraft:zombie",
            "minecraft:creeper",
            "minecraft:spider",
            "minecraft:stray",
            "minecraft:husk",
            "minecraft:enderman",
            "eidolon:wraith",
            "eidolon:zombie_brute",
            "minecraft:witch",
            "minecraft:zombie_villager"
        ],
        "minlight": 3,
        "result": "deny"
    },
    {
        "dimension": "minecraft:overworld",
        "mob": [
            "minecraft:sheep",
            "minecraft:cow",
            "minecraft:chicken",
            "minecraft:pig",
            "minecraft:mooshroom",
            "minecraft:rabbit"
        ],
        "maxcount": {
            "amount": 50,
            "passive": true,
            "perplayer": true
        },
        "result": "allow"
    },
    {
        "dimension": "minecraft:overworld",
        "mob": "kobolds:kobold_pirate",
        "structure": "worldshape:soaring_depths/kobold_ship",
        "block": [
            "create:brass_casing",
            "minecraft:spruce_wood",
            "minecraft:barrel",
            "minecraft:spruce_stairs",
            "minecraft:spruce_planks"
        ],
        "helditem": [
            "minecraft:crossbow",
            "kobolds:kobold_iron_axe",
            "kobolds:kobold_iron_sword",
            "minecraft:trident"
        ],
        "armorhelmet": [
            "minecraft:iron_helmet",
            "minecraft:chainmail_helmet"
        ],
        "result": "allow"
    },
    {
        "dimension": "minecraft:overworld",
        "mob": "kobolds:kobold_pirate",
        "result": "deny"
    }
]