{
    "display": {
        "icon": {
            "item": "biomesoplenty:bop_icon"
        },
        "title": {
            "translate": "advancements.biomesoplenty.all_biomes.title"
        },
        "description": {
            "translate": "advancements.biomesoplenty.all_biomes.description"
        },
        "frame": "challenge",
		"show_toast": true,
        "announce_to_chat": true
    },
	"parent": "biomesoplenty:biomesoplenty/root",
    "criteria": {
        "alps": {
            "trigger": "minecraft:location",
            "conditions": {
                "biome": "biomesoplenty:alps"
            }
        },
        "alps_foothills": {
            "trigger": "minecraft:location",
            "conditions": {
                "biome": "biomesoplenty:alps_foothills"
            }
        },
		"bamboo_blossom_grove": {
            "trigger": "minecraft:location",
            "conditions": {
                "biome": "biomesoplenty:bamboo_blossom_grove"
            }
        },
		"bayou": {
            "trigger": "minecraft:location",
            "conditions": {
                "biome": "biomesoplenty:bayou"
            }
        },
        "burnt_forest": {
            "trigger": "minecraft:location",
            "conditions": {
                "biome": "biomesoplenty:burnt_forest"
            }
        },
		"cherry_blossom_grove": {
            "trigger": "minecraft:location",
            "conditions": {
                "biome": "biomesoplenty:cherry_blossom_grove"
            }
        },
        "cold_desert": {
            "trigger": "minecraft:location",
            "conditions": {
                "biome": "biomesoplenty:cold_desert"
            }
        },
		"coniferous_forest": {
            "trigger": "minecraft:location",
            "conditions": {
                "biome": "biomesoplenty:coniferous_forest"
            }
        },
		"coniferous_lakes": {
            "trigger": "minecraft:location",
            "conditions": {
                "biome": "biomesoplenty:coniferous_lakes"
            }
        },
		"crystalline_chasm": {
            "trigger": "minecraft:location",
            "conditions": {
                "biome": "biomesoplenty:crystalline_chasm"
            }
        },
		"dead_forest": {
            "trigger": "minecraft:location",
            "conditions": {
                "biome": "biomesoplenty:dead_forest"
            }
        },
		"dense_woodland": {
            "trigger": "minecraft:location",
            "conditions": {
                "biome": "biomesoplenty:dense_woodland"
            }
        },
		"dryland": {
            "trigger": "minecraft:location",
            "conditions": {
                "biome": "biomesoplenty:dryland"
            }
        },
		"dry_boneyard": {
            "trigger": "minecraft:location",
            "conditions": {
                "biome": "biomesoplenty:dry_boneyard"
            }
        },
		"fir_clearing": {
            "trigger": "minecraft:location",
            "conditions": {
                "biome": "biomesoplenty:fir_clearing"
            }
        },
        "flower_meadow": {
            "trigger": "minecraft:location",
            "conditions": {
                "biome": "biomesoplenty:flower_meadow"
            }
        },
		"fungal_field": {
            "trigger": "minecraft:location",
            "conditions": {
                "biome": "biomesoplenty:fungal_field"
            }
        },
		"fungal_jungle": {
            "trigger": "minecraft:location",
            "conditions": {
                "biome": "biomesoplenty:fungal_jungle"
            }
        },
		"golden_prairie": {
            "trigger": "minecraft:location",
            "conditions": {
                "biome": "biomesoplenty:golden_prairie"
            }
        },
		"grassland": {
            "trigger": "minecraft:location",
            "conditions": {
                "biome": "biomesoplenty:grassland"
            }
        },
		"grassland_clover_patch": {
            "trigger": "minecraft:location",
            "conditions": {
                "biome": "biomesoplenty:grassland_clover_patch"
            }
        },
		"grove": {
            "trigger": "minecraft:location",
            "conditions": {
                "biome": "biomesoplenty:grove"
            }
        },
		"grove_clearing": {
            "trigger": "minecraft:location",
            "conditions": {
                "biome": "biomesoplenty:grove_clearing"
            }
        },
		"highland": {
            "trigger": "minecraft:location",
            "conditions": {
                "biome": "biomesoplenty:highland"
            }
        },
		"highland_crag": {
            "trigger": "minecraft:location",
            "conditions": {
                "biome": "biomesoplenty:highland_crag"
            }
        },
        "highland_moor": {
            "trigger": "minecraft:location",
            "conditions": {
                "biome": "biomesoplenty:highland_moor"
            }
        },
		"jade_cliffs": {
            "trigger": "minecraft:location",
            "conditions": {
                "biome": "biomesoplenty:jade_cliffs"
            }
        },
		"lavender_field": {
            "trigger": "minecraft:location",
            "conditions": {
                "biome": "biomesoplenty:lavender_field"
            }
        },
		"lavender_forest": {
            "trigger": "minecraft:location",
            "conditions": {
                "biome": "biomesoplenty:lavender_forest"
            }
        },
		"lush_desert": {
            "trigger": "minecraft:location",
            "conditions": {
                "biome": "biomesoplenty:lush_desert"
            }
        },
		"lush_savanna": {
            "trigger": "minecraft:location",
            "conditions": {
                "biome": "biomesoplenty:lush_savanna"
            }
        },
		"meadow": {
            "trigger": "minecraft:location",
            "conditions": {
                "biome": "biomesoplenty:meadow"
            }
        },
		"meadow_forest": {
            "trigger": "minecraft:location",
            "conditions": {
                "biome": "biomesoplenty:meadow_forest"
            }
        },
		"mystic_grove": {
            "trigger": "minecraft:location",
            "conditions": {
                "biome": "biomesoplenty:mystic_grove"
            }
        },
		"mystic_plains": {
            "trigger": "minecraft:location",
            "conditions": {
                "biome": "biomesoplenty:mystic_plains"
            }
        },
		"ominous_woods": {
            "trigger": "minecraft:location",
            "conditions": {
                "biome": "biomesoplenty:ominous_woods"
            }
        },
		"ominous_mire": {
            "trigger": "minecraft:location",
            "conditions": {
                "biome": "biomesoplenty:ominous_mire"
            }
        },
		"orchard": {
            "trigger": "minecraft:location",
            "conditions": {
                "biome": "biomesoplenty:orchard"
            }
        },
        "origin_valley": {
            "trigger": "minecraft:location",
            "conditions": {
                "biome": "biomesoplenty:origin_valley"
            }
        },
		"prairie": {
            "trigger": "minecraft:location",
            "conditions": {
                "biome": "biomesoplenty:prairie"
            }
        },
		"rainbow_hills": {
            "trigger": "minecraft:location",
            "conditions": {
                "biome": "biomesoplenty:rainbow_hills"
            }
        },
		"rainforest": {
            "trigger": "minecraft:location",
            "conditions": {
                "biome": "biomesoplenty:rainforest"
            }
        },
		"rainforest_cliffs": {
            "trigger": "minecraft:location",
            "conditions": {
                "biome": "biomesoplenty:rainforest_cliffs"
            }
        },
		"rainforest_floodplain": {
            "trigger": "minecraft:location",
            "conditions": {
                "biome": "biomesoplenty:rainforest_floodplain"
            }
        },
		"redwood_forest": {
            "trigger": "minecraft:location",
            "conditions": {
                "biome": "biomesoplenty:redwood_forest"
            }
        },
        "redwood_forest_edge": {
            "trigger": "minecraft:location",
            "conditions": {
                "biome": "biomesoplenty:redwood_forest_edge"
            }
        },
		"redwood_hills": {
            "trigger": "minecraft:location",
            "conditions": {
                "biome": "biomesoplenty:redwood_hills"
            }
        },
		"scrubland": {
            "trigger": "minecraft:location",
            "conditions": {
                "biome": "biomesoplenty:scrubland"
            }
        },
		"seasonal_forest": {
            "trigger": "minecraft:location",
            "conditions": {
                "biome": "biomesoplenty:seasonal_forest"
            }
        },
		"seasonal_orchard": {
            "trigger": "minecraft:location",
            "conditions": {
                "biome": "biomesoplenty:seasonal_orchard"
            }
        },
        "seasonal_pumpkin_patch": {
            "trigger": "minecraft:location",
            "conditions": {
                "biome": "biomesoplenty:seasonal_pumpkin_patch"
            }
        },
		"shroomy_wetland": {
            "trigger": "minecraft:location",
            "conditions": {
                "biome": "biomesoplenty:shroomy_wetland"
            }
        },
		"shrubland": {
            "trigger": "minecraft:location",
            "conditions": {
                "biome": "biomesoplenty:shrubland"
            }
        },
		"shrubland_hills": {
            "trigger": "minecraft:location",
            "conditions": {
                "biome": "biomesoplenty:shrubland_hills"
            }
        },
		"snowy_coniferous_forest": {
            "trigger": "minecraft:location",
            "conditions": {
                "biome": "biomesoplenty:snowy_coniferous_forest"
            }
        },
		"snowy_fir_clearing": {
            "trigger": "minecraft:location",
            "conditions": {
                "biome": "biomesoplenty:snowy_fir_clearing"
            }
        },
		"snowy_maple_forest": {
            "trigger": "minecraft:location",
            "conditions": {
                "biome": "biomesoplenty:snowy_maple_forest"
            }
        },
		"tall_dead_forest": {
            "trigger": "minecraft:location",
            "conditions": {
                "biome": "biomesoplenty:tall_dead_forest"
            }
        },
        "tropics": {
            "trigger": "minecraft:location",
            "conditions": {
                "biome": "biomesoplenty:tropics"
            }
        },
		"tundra": {
            "trigger": "minecraft:location",
            "conditions": {
                "biome": "biomesoplenty:tundra"
            }
        },
		"tundra_basin": {
            "trigger": "minecraft:location",
            "conditions": {
                "biome": "biomesoplenty:tundra_basin"
            }
        },
		"undergrowth": {
            "trigger": "minecraft:location",
            "conditions": {
                "biome": "biomesoplenty:undergrowth"
            }
        },
		"visceral_heap": {
            "trigger": "minecraft:location",
            "conditions": {
                "biome": "biomesoplenty:visceral_heap"
            }
        },
        "volcanic_plains": {
            "trigger": "minecraft:location",
            "conditions": {
                "biome": "biomesoplenty:volcanic_plains"
            }
        },
        "volcano": {
            "trigger": "minecraft:location",
            "conditions": {
                "biome": "biomesoplenty:volcano"
            }
        },
		"wasteland": {
            "trigger": "minecraft:location",
            "conditions": {
                "biome": "biomesoplenty:wasteland"
            }
        },
		"withered_abyss": {
            "trigger": "minecraft:location",
            "conditions": {
                "biome": "biomesoplenty:withered_abyss"
            }
        },
		"wooded_scrubland": {
            "trigger": "minecraft:location",
            "conditions": {
                "biome": "biomesoplenty:wooded_scrubland"
            }
        },
		"woodland": {
            "trigger": "minecraft:location",
            "conditions": {
                "biome": "biomesoplenty:woodland"
            }
        }
    },
	"rewards": {
		"experience": 1000,
		"loot": ["biomesoplenty:advancements/all_biomes"]
	}
}