{
    "type": "minecraft:chest",
    "pools": [
      {
        "rolls": {
          "min": 3,
          "max": 7
        },
        "entries": [
          {
            "type": "minecraft:item",
            "name": "minecraft:gold_nugget"
          },
          {
            "type": "minecraft:item",
            "name": "minecraft:cobblestone"
          },
          {
            "type": "minecraft:item",
            "name": "minecraft:stone"
          }
        ]
      }
    ]
  }
  