{
    "type": "minecraft:chest",
    "pools": [
      {
        "rolls": {
          "min": 4,
          "max": 10
        },
        "bonus_rolls": {
          "min": 0,
          "max": 1
        },
        "entries": [
          {
            "type": "minecraft:item",
            "name": "minecraft:ender_pearl",
            "functions": [
              {
                "function": "minecraft:set_count",
                "count": {
                  "min": 1,
                  "max": 16
                }
              }
            ]
          },
          {
            "type": "minecraft:item",
            "name": "minecraft:end_rod",
            "functions": [
              {
                "function": "minecraft:set_count",
                "count": {
                  "min": 1,
                  "max": 16
                }
              }
            ]
          },
          {
            "type": "minecraft:item",
            "name": "minecraft:end_crystal",
            "functions": [
              {
                "function": "minecraft:set_count",
                "count": {
                  "min": 1,
                  "max": 2
                }
              }
            ]
          },
          {
            "type": "minecraft:item",
            "name": "cataclysm:void_jaw",
            "functions": [
              {
                "function": "minecraft:set_count",
                "count": {
                  "min": 2,
                  "max": 16
                }
              }
            ]
          },
          {
            "type": "minecraft:item",
            "name": "cataclysm:void_stone",
            "functions": [
              {
                "function": "minecraft:set_count",
                "count": {
                  "min": 4,
                  "max": 16
                }
              }
            ]
          },
          {
            "type": "minecraft:item",
            "name": "cataclysm:void_lantern_block",
            "functions": [
              {
                "function": "minecraft:set_count",
                "count": {
                  "min": 2,
                  "max": 6
                }
              }
            ]
          },
          {
            "type": "minecraft:item",
            "name": "eidolon:shadow_gem",
            "functions": [
              {
                "function": "minecraft:set_count",
                "count": 1
              }
            ]
          },
          {
            "type": "minecraft:item",
            "name": "forbidden_arcanus:end_crystal_gem",
            "functions": [
              {
                "function": "minecraft:set_count",
                "count": {
                  "min": 1,
                  "max": 4
                }
              }
            ]
          },
          {
            "type": "minecraft:item",
            "name": "forbidden_arcanus:rune_bag"
          },
          {
            "type": "minecraft:item",
            "name": "forbidden_arcanus:chorus_pearl"
          },
          {
            "type": "minecraft:item",
            "name": "minecraft:crying_obsidian",
            "functions": [
              {
                "function": "minecraft:set_count",
                "count": {
                  "min": 1,
                  "max": 3
                }
              }
            ]
          },
          {
            "type": "minecraft:item",
            "name": "cataclysm:chiseled_end_stone_bricks",
            "functions": [
              {
                "function": "minecraft:set_count",
                "count": {
                  "min": 1,
                  "max": 5
                }
              }
            ]
          },
          {
            "type": "minecraft:item",
            "name": "cataclysm:chiseled_purpur_block",
            "functions": [
              {
                "function": "minecraft:set_count",
                "count": {
                  "min": 1,
                  "max": 2
                }
              }
            ]
          }
        ]
      }
    ]
  }
  