{
    "type": "minecraft:chest",
    "pools": [
      {
        "rolls": {
          "min": 2,
          "max": 5
        },
        "entries": [
          {
            "type": "minecraft:item",
            "name": "minecraft:blue_ice",
            "functions": [
              {
                "function": "minecraft:set_count",
                "count": {
                  "min": 1,
                  "max": 16
                }
              }
            ]
          },
          {
            "type": "minecraft:item",
            "name": "minecraft:packed_ice",
            "functions": [
              {
                "function": "minecraft:set_count",
                "count": {
                  "min": 1,
                  "max": 32
                }
              }
            ]
          },
          {
            "type": "minecraft:item",
            "name": "minecraft:ice",
            "functions": [
              {
                "function": "minecraft:set_count",
                "count": {
                  "min": 1,
                  "max": 48
                }
              }
            ]
          },
          {
            "type": "minecraft:item",
            "name": "minecraft:snowball",
            "functions": [
              {
                "function": "minecraft:set_count",
                "count": {
                  "min": 1,
                  "max": 64
                }
              }
            ]
          },
          {
            "type": "minecraft:item",
            "name": "minecraft:golden_shovel",
            "functions": [
              {
                "function": "minecraft:enchant_with_levels",
                "levels": {
                  "min": 20,
                  "max": 40
                },
                "treasure": true
              }
            ]
          },
          {
            "type": "minecraft:item",
            "name": "eidolon:wraith_heart"
          },
          {
            "type": "minecraft:item",
            "name": "forbidden_arcanus:arcane_crystal",
            "functions": [
              {
                "function": "minecraft:set_count",
                "count": {
                  "min": 1,
                  "max": 3
                }
              }
            ]
          }
        ]
      }
    ]
  }
  