{
  "type": "minecraft:chest",
  "pools": [
    {
      "rolls": {
        "min": 1,
        "max": 2
      },
      "entries": [
        {
          "type": "minecraft:item",
          "name": "minecraft:netherite_axe"
        },
        {
          "type": "minecraft:item",
          "name": "minecraft:netherite_boots"
        },
        {
          "type": "minecraft:item",
          "name": "minecraft:netherite_chestplate"
        },
        {
          "type": "minecraft:item",
          "name": "minecraft:netherite_helmet"
        },
        {
          "type": "minecraft:item",
          "name": "minecraft:netherite_hoe"
        },
        {
          "type": "minecraft:item",
          "name": "minecraft:netherite_leggings"
        },
        {
          "type": "minecraft:item",
          "name": "minecraft:netherite_pickaxe"
        },
        {
          "type": "minecraft:item",
          "name": "minecraft:netherite_shovel"
        },
        {
          "type": "minecraft:item",
          "name": "minecraft:netherite_sword"
        }
      ],
      "functions": [
        {
          "function": "minecraft:enchant_with_levels",
          "levels": {
            "min": 0,
            "max": 29
          },
          "treasure": false
        }
      ]
    },
    {
      "rolls": {
        "min": 2,
        "max": 5
      },
      "entries": [
        {
          "type": "minecraft:item",
          "name": "minecraft:ancient_debris",
          "functions": [
            {
              "function": "minecraft:set_count",
              "count": {
                "min": 1,
                "max": 3
              }
            }
          ]
        },
        {
          "type": "minecraft:item",
          "name": "minecraft:lava_bucket"
        },
        {
          "type": "minecraft:item",
          "name": "minecraft:magma_block",
          "functions": [
            {
              "function": "minecraft:set_count",
              "count": {
                "min": 1,
                "max": 16
              }
            }
          ]
        },
        {
          "type": "minecraft:item",
          "name": "minecraft:netherite_scrap",
          "functions": [
            {
              "function": "minecraft:set_count",
              "count": {
                "min": 1,
                "max": 7
              }
            }
          ]
        },
        {
          "type": "minecraft:item",
          "name": "minecraft:netherite_ingot",
          "functions": [
            {
              "function": "minecraft:set_count",
              "count": {
                "min": 1,
                "max": 3
              }
            }
          ]
        }
      ]
    }
  ]
}
