{
  "type": "minecraft:chest",
  "pools": [
    {
      "rolls": {
        "min": 1,
        "max": 3
      },
      "entries": [
        {
          "type": "minecraft:item",
          "name": "minecraft:obsidian",
          "functions": [
            {
              "function": "minecraft:set_count",
              "count": {
                "min": 1,
                "max": 5
              }
            }
          ]
        },
        {
          "type": "minecraft:item",
          "name": "voidtotem:totem_of_void_undying"
        },
        {
          "type": "minecraft:item",
          "name": "cataclysm:void_jaw",
          "functions": [
            {
              "function": "minecraft:set_count",
              "count": {
                "min": 1,
                "max": 32
              }
            }
          ]
        },
        {
          "type": "minecraft:item",
          "name": "alexsmobs:endolocator"
        },
        {
          "type": "minecraft:item",
          "name": "contenttweaker:void_worm_essence_bucket"
        }
      ]
    }
  ]
}
