{
  "type": "minecraft:chest",
  "pools": [
    {
      "rolls": {
        "min": 3,
        "max": 5
      },
      "entries": [
        {
          "type": "minecraft:item",
          "name": "create:iron_sheet"
        },
        {
          "type": "minecraft:item",
          "name": "minecraft:iron_ingot"
        },
        {
          "type": "minecraft:item",
          "name": "minecraft:iron_nugget"
        },
        {
          "type": "minecraft:item",
          "name": "steampowered:steel_cogwheel"
        },
        {
          "type": "minecraft:item",
          "name": "steampowered:cast_iron_cogwheel"
        },
        {
          "type": "minecraft:item",
          "name": "tconstruct:soulsteel_ingot"
        }
      ],
      "functions": [
        {
          "function": "minecraft:set_count",
          "count": {
            "min": 3,
            "max": 27
          }
        }
      ]
    },
    {
      "rolls": {
        "type": "minecraft:binomial",
        "n": 1,
        "p": 0.5
      },
      "entries": [
        {
          "type": "minecraft:loot_table",
          "name": "soaring_depths:chests/relics/relic"
        }
      ]
    }
  ]
}
