{
  "type": "minecraft:entity",
  "pools": [
    {
      "rolls": 1,
      "entries": [
        {
          "type": "minecraft:item",
          "name": "minecraft:rotten_flesh",
          "functions": [
            {
              "function": "minecraft:set_count",
              "count": {
                "min": 0,
                "max": 2
              }
            },
            {
              "function": "minecraft:looting_enchant",
              "count": {
                "min": 0,
                "max": 1
              }
            }
          ]
        }
      ]
    },
    {
      "rolls": 1,
      "entries": [
        {
          "type": "minecraft:item",
          "name": "create:copper_ingot"
        },
        {
          "type": "minecraft:item",
          "name": "minecraft:nautilus_shell"
        },
        {
          "type": "minecraft:item",
          "name": "minecraft:kelp"
        },
        {
          "type": "minecraft:item",
          "name": "minecraft:seagrass"
        },
        {
          "type": "minecraft:item",
          "name": "minecraft:bubble_coral_fan"
        },
        {
          "type": "minecraft:item",
          "name": "minecraft:fire_coral_fan"
        },
        {
          "type": "minecraft:item",
          "name": "minecraft:brain_coral_fan"
        },
        {
          "type": "minecraft:item",
          "name": "minecraft:horn_coral_fan"
        },
        {
          "type": "minecraft:item",
          "name": "minecraft:horn_coral_fan"
        }
      ],
      "conditions": [
        {
          "condition": "minecraft:killed_by_player"
        },
        {
          "condition": "minecraft:random_chance_with_looting",
          "chance": 0.07,
          "looting_multiplier": 0.01
        }
      ]
    }
  ]
}
