{
    "pools": [
      {
        "name": "ender_guardian",
        "rolls": 1,
        "entries": [
          {
            "type": "minecraft:item",
            "name": "cataclysm:gauntlet_of_guard",
            "weight": 1
          }
        ]
      },
      {
        "name": "disc",
        "conditions": [
          {
            "condition": "random_chance_with_looting",
            "chance": 0.1,
            "looting_multiplier": 0.1
          }
        ],
        "rolls": 1,
        "entries": [
          {
            "type": "minecraft:item",
            "name": "cataclysm:music_disc_ender_guardian",
            "weight": 1
          }
        ]
      },
      {
        "rolls": 1,
        "conditions": [
            {
                "condition": "killed_by_player"
            }
        ],
        "entries": [
          {
            "type": "minecraft:item",
            "name": "minecraft:purple_shulker_box",
            "functions": [
              {
                "function": "minecraft:set_loot_table",
                "name": "soaring_depths:chests/ender_guardian_crate"
              },
              {
                "function": "minecraft:set_count",
                "count": 1
              },
              {
                "function": "minecraft:set_name",
                "name": {
                  "text": "Ender Guardian Crate",
                  "color": "#AC7BAC",
                  "bold": true,
                  "italic": false
                }
              }
            ]
          }
        ]
      }
    ]
  }