{
  "type": "astralsorcery:altar",
  "altar_type": 2,
  "duration": 400,
  "starlight": 2800,
  "pattern": [
    "___BD",
    "__BCB",
    "__DB_",
    "_A___",
    "A____"
  ],
  "key": {
    "A": {
      "item": "create:brass_ingot"
    },
    "B": {
      "item": "create:refined_radiance"
    },
    "C": {
      "tag": "forge:glass_panes/colorless"
    },
    "D": {
      "item": "minecraft:obsidian"
    }
  },
  "output": [
    {
      "item": "create:wand_of_symmetry",
      "count": 1
    }
  ],
  "effects": [
    "astralsorcery:built_in_effect_constellation_finish",
    "astralsorcery:built_in_effect_discovery_central_beam",
    "astralsorcery:altar_default_sparkle",
    "astralsorcery:built_in_effect_constellation_lines",
    "astralsorcery:built_in_effect_attunement_sparkle"
  ]
}