{
    "type": "minecraft:fishing",
    "pools": [
      {
        "rolls": 1,
        "entries": [
          {
            "type": "minecraft:item",
            "weight": 30,
            "name": "minecraft:gold_ingot"
          },
          {
            "type": "minecraft:item",
            "weight": 15,
            "name": "minecraft:saddle"
          },
          {
            "type": "minecraft:item",
            "weight": 10,
            "name": "minecraft:golden_helmet",
            "functions": [
              {
                "function": "minecraft:set_damage",
                "damage": {
                  "min": 0,
                  "max": 0.5
                }
              },
              {
                "function": "minecraft:enchant_with_levels",
                "levels": 60,
                "treasure": true
              }
            ]
          },
          {
            "type": "minecraft:item",
            "weight": 10,
            "name": "minecraft:golden_chestplate",
            "functions": [
              {
                "function": "minecraft:set_damage",
                "damage": {
                  "min": 0,
                  "max": 0.5
                }
              },
              {
                "function": "minecraft:enchant_with_levels",
                "levels": 60,
                "treasure": true
              }
            ]
          },
          {
            "type": "minecraft:item",
            "weight": 10,
            "name": "minecraft:golden_leggings",
            "functions": [
              {
                "function": "minecraft:set_damage",
                "damage": {
                  "min": 0,
                  "max": 0.5
                }
              },
              {
                "function": "minecraft:enchant_with_levels",
                "levels": 60,
                "treasure": true
              }
            ]
          },
          {
            "type": "minecraft:item",
            "weight": 10,
            "name": "minecraft:golden_boots",
            "functions": [
              {
                "function": "minecraft:set_damage",
                "damage": {
                  "min": 0,
                  "max": 0.5
                }
              },
              {
                "function": "minecraft:enchant_with_levels",
                "levels": 60,
                "treasure": true
              }
            ]
          },
          {
            "type": "minecraft:item",
            "weight": 10,
            "name": "minecraft:golden_sword",
            "functions": [
              {
                "function": "minecraft:set_damage",
                "damage": {
                  "min": 0,
                  "max": 0.5
                }
              },
              {
                "function": "minecraft:enchant_with_levels",
                "levels": 60,
                "treasure": true
              }
            ]
          },
          {
            "type": "minecraft:item",
            "weight": 5,
            "name": "minecraft:ancient_debris"
          },
          {
            "type": "minecraft:item",
            "name": "create:crushed_gold_ore"
          },
          {
            "type": "minecraft:item",
            "name": "forbidden_arcanus:arcane_gold_nugget"
          },
          {
            "type": "minecraft:item",
            "name": "tconstruct:debris_nugget"
          },
          {
            "type": "minecraft:item",
            "name": "tconstruct:netherite_nugget"
          },
          {
            "type": "minecraft:item",
            "name": "infernalexp:molten_gold_cluster"
          }
        ]
      }
    ]
  }
  