{
  "type": "minecraft:generic",
  "pools": [
    {
      "rolls": 1,
      "entries": [
        {
          "type": "minecraft:item",
          "name": "minecraft:netherite_boots"
        },
        {
          "type": "minecraft:item",
          "name": "minecraft:diamond_boots"
        },
        {
          "type": "minecraft:item",
          "name": "minecraft:iron_boots"
        },
        {
          "type": "minecraft:item",
          "name": "minecraft:chainmail_boots"
        },
        {
          "type": "minecraft:item",
          "name": "minecraft:golden_boots"
        },
        {
          "type": "minecraft:item",
          "name": "minecraft:leather_boots"
        },
        {
          "type": "minecraft:item",
          "name": "forbidden_arcanus:arcane_gold_boots"
        },
        {
          "type": "minecraft:item",
          "name": "forbidden_arcanus:mortem_boots"
        },
        {
          "type": "minecraft:item",
          "name": "forbidden_arcanus:obsidian_boots"
        },
        {
          "type": "minecraft:item",
          "name": "eidolon:warlock_boots"
        }
      ],
      "functions": [
        {
          "function": "minecraft:set_name",
          "name": {
            "translate": "item.soaring_depths.relic.boots",
            "bold": true,
            "italic": false
          }
        },
        {
          "function": "minecraft:set_attributes",
          "modifiers": [
            {
              "attribute": "minecraft:generic.armor",
              "name": "",
              "amount": {
                "min": 1,
                "max": 3
              },
              "operation": "addition",
              "slot": "feet"
            },
            {
              "attribute": "minecraft:generic.armor_toughness",
              "name": "",
              "amount": {
                "min": 0,
                "max": 3
              },
              "operation": "addition",
              "slot": "feet"
            }
          ]
        },
        {
          "function": "minecraft:set_attributes",
          "modifiers": [
            {
              "attribute": "minecraft:generic.knockback_resistance",
              "name": "",
              "amount": {
                "min": 0,
                "max": 0.1
              },
              "operation": "addition",
              "slot": "feet"
            }
          ],
          "conditions": [
            {
              "condition": "minecraft:random_chance",
              "chance": 0.1
            }
          ]
        },
        {
          "function": "minecraft:set_attributes",
          "modifiers": [
            {
              "attribute": "minecraft:generic.movement_speed",
              "name": "",
              "amount": {
                "min": 0.01,
                "max": 0.1
              },
              "operation": "multiply_total",
              "slot": "feet"
            }
          ],
          "conditions": [
            {
              "condition": "minecraft:random_chance",
              "chance": 0.1
            }
          ]
        },
        {
          "function": "minecraft:set_attributes",
          "modifiers": [
            {
              "attribute": "minecraft:generic.max_health",
              "name": "",
              "amount": {
                "min": -0.5,
                "max": 0.5
              },
              "operation": "addition",
              "slot": "feet"
            }
          ],
          "conditions": [
            {
              "condition": "minecraft:random_chance",
              "chance": 0.1
            }
          ]
        },
        {
          "function": "minecraft:set_name",
          "name": {
            "translate": "item.soaring_depths.relic.boots",
            "bold": true,
            "italic": false
          }
        }
      ]
    }
  ]
}
