{
  "type": "minecraft:generic",
  "pools": [
    {
      "rolls": 1,
      "entries": [
        {
          "type": "minecraft:item",
          "name": "minecraft:iron_chestplate"
        },
        {
          "type": "minecraft:item",
          "name": "minecraft:golden_chestplate"
        },
        {
          "type": "minecraft:item",
          "name": "minecraft:diamond_chestplate"
        },
        {
          "type": "minecraft:item",
          "name": "minecraft:chainmail_chestplate"
        },
        {
          "type": "minecraft:item",
          "name": "minecraft:netherite_chestplate"
        },
        {
          "type": "minecraft:item",
          "name": "minecraft:leather_chestplate"
        },
        {
          "type": "minecraft:item",
          "name": "forbidden_arcanus:obsidian_shoulder_pads"
        },
        {
          "type": "minecraft:item",
          "name": "forbidden_arcanus:mortem_chestplate"
        },
        {
          "type": "minecraft:item",
          "name": "forbidden_arcanus:arcane_gold_chestplate"
        },
        {
          "type": "minecraft:item",
          "name": "eidolon:warlock_cloak"
        }
      ],
      "functions": [
        {
          "function": "minecraft:set_attributes",
          "modifiers": [
            {
              "attribute": "minecraft:generic.armor",
              "name": "",
              "amount": {
                "min": 3,
                "max": 8
              },
              "operation": "addition",
              "slot": "chest"
            }
          ]
        },
        {
          "function": "minecraft:set_attributes",
          "modifiers": [
            {
              "attribute": "minecraft:generic.armor_toughness",
              "name": "",
              "amount": {
                "min": 0,
                "max": 3
              },
              "operation": "addition",
              "slot": "chest"
            }
          ],
          "conditions": [
            {
              "condition": "minecraft:random_chance",
              "chance": 0.3
            }
          ]
        },
        {
          "function": "minecraft:set_attributes",
          "modifiers": [
            {
              "attribute": "minecraft:generic.knockback_resistance",
              "name": "",
              "amount": {
                "min": 0,
                "max": 1
              },
              "operation": "addition",
              "slot": "chest"
            }
          ],
          "conditions": [
            {
              "condition": "minecraft:random_chance",
              "chance": 0.1
            }
          ]
        },
        {
          "function": "minecraft:set_name",
          "name": {
            "translate": "item.soaring_depths.relic.chestplate",
            "bold": true,
            "italic": false
          }
        }
      ]
    }
  ]
}
