{
  "type": "minecraft:generic",
  "pools": [
    {
      "rolls": 1,
      "entries": [
        {
          "type": "minecraft:item",
          "name": "minecraft:iron_helmet"
        },
        {
          "type": "minecraft:item",
          "name": "minecraft:golden_helmet"
        },
        {
          "type": "minecraft:item",
          "name": "minecraft:diamond_helmet"
        },
        {
          "type": "minecraft:item",
          "name": "minecraft:chainmail_helmet"
        },
        {
          "type": "minecraft:item",
          "name": "minecraft:netherite_helmet"
        },
        {
          "type": "minecraft:item",
          "name": "minecraft:leather_helmet"
        },
        {
          "type": "minecraft:item",
          "name": "forbidden_arcanus:arcane_gold_helmet"
        },
        {
          "type": "minecraft:item",
          "name": "forbidden_arcanus:mortem_helmet"
        },
        {
          "type": "minecraft:item",
          "name": "forbidden_arcanus:obsidian_helmet"
        },
        {
          "type": "minecraft:item",
          "name": "eidolon:warlock_hat"
        }
      ],
      "functions": [
        {
          "function": "minecraft:set_name",
          "name": {
            "translate": "item.soaring_depths.relic.helmet",
            "bold": true,
            "italic": false
          }
        },
        {
          "function": "minecraft:set_attributes",
          "modifiers": [
            {
              "attribute": "minecraft:generic.armor",
              "name": "",
              "amount": {
                "min": 1,
                "max": 4
              },
              "operation": "addition",
              "slot": "head"
            }
          ]
        },
        {
          "function": "minecraft:set_attributes",
          "modifiers": [
            {
              "attribute": "minecraft:generic.armor_toughness",
              "name": "",
              "amount": {
                "min": 0,
                "max": 3
              },
              "operation": "addition",
              "slot": "head"
            }
          ],
          "conditions": [
            {
              "condition": "minecraft:random_chance",
              "chance": 0.3
            }
          ]
        },
        {
          "function": "minecraft:set_attributes",
          "modifiers": [
            {
              "attribute": "minecraft:generic.knockback_resistance",
              "name": "",
              "amount": {
                "min": 0,
                "max": 1
              },
              "operation": "addition",
              "slot": "head"
            }
          ],
          "conditions": [
            {
              "condition": "minecraft:random_chance",
              "chance": 0.1
            }
          ]
        },
        {
          "function": "minecraft:set_attributes",
          "modifiers": [
            {
              "attribute": "minecraft:generic.max_health",
              "name": "",
              "amount": {
                "min": -0.5,
                "max": 0.5
              },
              "operation": "addition",
              "slot": "head"
            }
          ]
        },
        {
          "function": "minecraft:set_name",
          "name": {
            "translate": "item.soaring_depths.relic.helmet",
            "bold": true,
            "italic": false
          }
        }
      ]
    }
  ]
}
