{
    "type": "minecraft:block",
    "pools": [
      {
        "rolls": 1,
        "entries": [
          {
            "type": "minecraft:alternatives",
            "children": [
              {
                "type": "minecraft:item",
                "conditions": [
                  {
                    "condition": "minecraft:match_tool",
                    "predicate": {
                      "enchantments": [
                        {
                          "enchantment": "minecraft:silk_touch",
                          "levels": {
                            "min": 1
                          }
                        }
                      ]
                    }
                  }
                ],
                "name": "create:zinc_ore"
              },
              {
                "type": "minecraft:item",
                "functions": [
                  {
                    "function": "minecraft:apply_bonus",
                    "enchantment": "minecraft:fortune",
                    "formula": "minecraft:ore_drops"
                  },
                  {
                    "function": "minecraft:explosion_decay"
                  }
                ],
                "name": "create:crushed_zinc_ore"
              }
            ]
          }
        ]
      }
    ]
  }