{
  "biomes": [
    [
      {
        "type": "BIOME_DICT",
        "negate": false,
        "value": "overworld"
      },
      {
        "type": "BIOME_DICT",
        "negate": false,
        "value": "ocean"
      },
      {
        "type": "BIOME_DICT",
        "negate": false,
        "value": "cold"
      }
    ],
    [
      {
        "type": "REGISTRY_NAME",
        "negate": false,
        "value": "otg:skylandsliteplus.lukewarm_ocean"
      }
    ],
    [
      {
        "type": "REGISTRY_NAME",
        "negate": false,
        "value": "otg:skylandsliteplus.deep_ocean"
      }
    ],
    [
      {
        "type": "REGISTRY_NAME",
        "negate": false,
        "value": "otg:skylandsliteplus.deep_lukewarm_ocean"
      }
    ]
  ]
}