{
  "biomes": [
    [
      {
        "type": "BIOME_DICT",
        "negate": false,
        "value": "overworld"
      },
      {
        "type": "BIOME_DICT",
        "negate": true,
        "value": "savanna"
      },
      {
        "type": "BIOME_DICT",
        "negate": false,
        "value": "forest"
      },
      {
        "type": "BIOME_DICT",
        "negate": true,
        "value": "cold"
      },
      {
        "type": "REGISTRY_NAME",
        "negate": true,
        "value": "otg:skylandsliteplus.jungle_egde"
      },
      {
        "type": "REGISTRY_NAME",
        "negate": true,
        "value": "otg:skylandsliteplus.modified_jungle_edge"
      }
    ]
  ]
}