{
  "biomes": [
    [
      {
        "type": "BIOME_DICT",
        "negate": false,
        "value": "overworld"
      },
      {
        "type": "REGISTRY_NAME",
        "negate": false,
        "value": "otg:skylandsliteplus.bamboo_jungle"
      }
    ],
    [
      {
        "type": "BIOME_DICT",
        "negate": false,
        "value": "overworld"
      },
      {
        "type": "REGISTRY_NAME",
        "negate": false,
        "value": "otg:skylandsliteplus.bamboo_jungle_hills"
      }
    ],
    [
      {
        "type": "REGISTRY_NAME",
        "negate": false,
        "value": "biomesoplenty:bamboo_blossom_grove"
      }
    ],
    [
      {
        "type": "REGISTRY_NAME",
        "negate": false,
        "value": "biomesoplenty:cherry_blossom_grove"
      }
    ]
  ]
}