{
    "credit": "Made by AlleCraft",
	"parent": "minecraft:block/block",
    "textures": {
        "particle": "#ore_top",
		"ore_top": "#ore_top",
        "ore_side": "#ore_side",
        "base": "#base"
	},
	"elements": [
		{
			"name": "Base",
			"from": [0, 0, 0],
			"to": [16, 16, 16],
			"faces": {
				"north": {"uv": [0, 0, 16, 16], "texture": "#base", "cullface": "north"},
				"east": {"uv": [0, 0, 16, 16], "texture": "#base", "cullface": "east"},
				"south": {"uv": [0, 0, 16, 16], "texture": "#base", "cullface": "south"},
				"west": {"uv": [0, 0, 16, 16], "texture": "#base", "cullface": "west"},
				"up": {"uv": [0, 0, 16, 16], "texture": "#base", "cullface": "up"},
				"down": {"uv": [0, 0, 16, 16], "texture": "#base", "cullface": "down"}
			}
		},
		{
			"name": "Ore East",
			"from": [-7, 3, 7],
			"to": [-2, 8, 12],
			"rotation": {"angle": 22.5, "axis": "y", "origin": [0, 0, 0]},
			"faces": {
				"north": {"uv": [10, 1, 15, 6], "texture": "#ore_side", "cullface": "west"},
				"east": {"uv": [5, 5, 10, 10], "texture": "#ore_side", "cullface": "west"},
				"south": {"uv": [1, 10, 6, 15], "texture": "#ore_side", "cullface": "west"},
				"west": {"uv": [5, 5, 10, 10], "texture": "#ore_top", "cullface": "west"},
				"up": {"uv": [1, 1, 6, 6], "texture": "#ore_side", "cullface": "west"},
				"down": {"uv": [1, 1, 6, 6], "texture": "#ore_side", "cullface": "west"}
			}
		},
		{
			"name": "Ore East",
			"from": [-3, 6, -1],
			"to": [2, 10, 3],
			"rotation": {"angle": 22.5, "axis": "x", "origin": [0, 0, 0]},
			"faces": {
				"north": {"uv": [10, 1, 15, 5], "texture": "#ore_side", "cullface": "west"},
				"east": {"uv": [6, 6, 10, 10], "texture": "#ore_side", "cullface": "west"},
				"south": {"uv": [1, 11, 6, 15], "texture": "#ore_side", "cullface": "west"},
				"west": {"uv": [6, 6, 10, 10], "texture": "#ore_top", "cullface": "west"},
				"up": {"uv": [1, 1, 6, 5], "texture": "#ore_side", "cullface": "west"},
				"down": {"uv": [1, 1, 6, 5], "texture": "#ore_side", "cullface": "west"}
			}
		},
		{
			"name": "Ore East",
			"from": [-7, 8.375, 6],
			"to": [-2, 12.375, 10],
			"rotation": {"angle": -22.5, "axis": "z", "origin": [0, 0, 0]},
			"faces": {
				"north": {"uv": [10, 1, 15, 5], "texture": "#ore_side", "cullface": "west"},
				"east": {"uv": [6, 6, 10, 10], "texture": "#ore_side", "cullface": "west"},
				"south": {"uv": [1, 11, 6, 15], "texture": "#ore_side", "cullface": "west"},
				"west": {"uv": [6, 6, 10, 10], "texture": "#ore_top", "cullface": "west"},
				"up": {"uv": [1, 1, 6, 5], "texture": "#ore_side", "cullface": "west"},
				"down": {"uv": [1, 1, 6, 5], "texture": "#ore_side", "cullface": "west"}
			}
		},
		{
			"name": "Ore South",
			"from": [8, 8, 11],
			"to": [13, 13, 16],
			"rotation": {"angle": -22.5, "axis": "y", "origin": [0, 0, 0]},
			"faces": {
				"north": {"uv": [5, 5, 10, 10], "texture": "#ore_side", "cullface": "south"},
				"east": {"uv": [1, 10, 6, 15], "texture": "#ore_side", "cullface": "south"},
				"south": {"uv": [5, 5, 10, 10], "texture": "#ore_top", "cullface": "south"},
				"west": {"uv": [10, 1, 15, 6], "texture": "#ore_side", "cullface": "south"},
				"up": {"uv": [1, 10, 6, 15], "texture": "#ore_side", "cullface": "south"},
				"down": {"uv": [10, 1, 15, 6], "texture": "#ore_side", "cullface": "south"}
			}
		},
		{
			"name": "Ore South",
			"from": [5, 8.925, 11],
			"to": [9, 12.925, 16],
			"rotation": {"angle": 22.5, "axis": "x", "origin": [0, 0, 0]},
			"faces": {
				"north": {"uv": [6, 6, 10, 10], "texture": "#ore_side", "cullface": "south"},
				"east": {"uv": [1, 11, 6, 15], "texture": "#ore_side", "cullface": "south"},
				"south": {"uv": [6, 6, 10, 10], "texture": "#ore_top", "cullface": "south"},
				"west": {"uv": [10, 1, 15, 5], "texture": "#ore_side", "cullface": "south"},
				"up": {"uv": [1, 10, 5, 15], "texture": "#ore_side", "cullface": "south"},
				"down": {"uv": [11, 1, 15, 6], "texture": "#ore_side", "cullface": "south"}
			}
		},
		{
			"name": "Ore South",
			"from": [11.65, 2.1, 14],
			"to": [15.65, 6.1, 19],
			"rotation": {"angle": 22.5, "axis": "z", "origin": [0, 0, 0]},
			"faces": {
				"north": {"uv": [6, 6, 10, 10], "texture": "#ore_side", "cullface": "south"},
				"east": {"uv": [1, 11, 6, 15], "texture": "#ore_side", "cullface": "south"},
				"south": {"uv": [6, 6, 10, 10], "texture": "#ore_top", "cullface": "south"},
				"west": {"uv": [10, 1, 15, 5], "texture": "#ore_side", "cullface": "south"},
				"up": {"uv": [1, 10, 5, 15], "texture": "#ore_side", "cullface": "south"},
				"down": {"uv": [11, 1, 15, 6], "texture": "#ore_side", "cullface": "south"}
			}
		},
		{
			"name": "Ore West",
			"from": [17, 1, 4],
			"to": [22, 6, 9],
			"rotation": {"angle": 22.5, "axis": "z", "origin": [0, 0, 0]},
			"faces": {
				"north": {"uv": [1, 10, 6, 15], "texture": "#ore_side", "cullface": "east"},
				"east": {"uv": [5, 5, 10, 10], "texture": "#ore_top", "cullface": "east"},
				"south": {"uv": [10, 1, 15, 6], "texture": "#ore_side", "cullface": "east"},
				"west": {"uv": [5, 5, 10, 10], "texture": "#ore_side", "cullface": "east"},
				"up": {"uv": [10, 10, 15, 15], "texture": "#ore_side", "cullface": "east"},
				"down": {"uv": [10, 10, 15, 15], "texture": "#ore_side", "cullface": "east"}
			}
		},
		{
			"name": "Ore West",
			"from": [14.075, 9, 6],
			"to": [19.075, 13, 10],
			"rotation": {"angle": 22.5, "axis": "x", "origin": [0, 0, 0]},
			"faces": {
				"north": {"uv": [1, 11, 6, 15], "texture": "#ore_side", "cullface": "east"},
				"east": {"uv": [6, 6, 10, 10], "texture": "#ore_top", "cullface": "east"},
				"south": {"uv": [10, 1, 15, 5], "texture": "#ore_side", "cullface": "east"},
				"west": {"uv": [6, 6, 10, 10], "texture": "#ore_side", "cullface": "east"},
				"up": {"uv": [10, 11, 15, 15], "texture": "#ore_side", "cullface": "east"},
				"down": {"uv": [10, 11, 15, 15], "texture": "#ore_side", "cullface": "east"}
			}
		},
		{
			"name": "Ore West",
			"from": [11, 3, 10],
			"to": [16, 7, 14],
			"rotation": {"angle": 22.5, "axis": "y", "origin": [0, 0, 0]},
			"faces": {
				"north": {"uv": [1, 11, 6, 15], "texture": "#ore_side", "cullface": "east"},
				"east": {"uv": [6, 6, 10, 10], "texture": "#ore_top", "cullface": "east"},
				"south": {"uv": [10, 1, 15, 5], "texture": "#ore_side", "cullface": "east"},
				"west": {"uv": [6, 6, 10, 10], "texture": "#ore_side", "cullface": "east"},
				"up": {"uv": [10, 11, 15, 15], "texture": "#ore_side", "cullface": "east"},
				"down": {"uv": [10, 11, 15, 15], "texture": "#ore_side", "cullface": "east"}
			}
		},
		{
			"name": "Ore North",
			"from": [7, 8, -7],
			"to": [12, 13, -2],
			"rotation": {"angle": -22.5, "axis": "y", "origin": [0, 0, 0]},
			"faces": {
				"north": {"uv": [5, 5, 10, 10], "texture": "#ore_top", "cullface": "north"},
				"east": {"uv": [10, 1, 15, 6], "texture": "#ore_side", "cullface": "north"},
				"south": {"uv": [5, 5, 10, 10], "texture": "#ore_side", "cullface": "north"},
				"west": {"uv": [1, 10, 6, 15], "texture": "#ore_side", "cullface": "north"},
				"up": {"uv": [10, 1, 15, 6], "texture": "#ore_side", "cullface": "north"},
				"down": {"uv": [1, 10, 6, 15], "texture": "#ore_side", "cullface": "north"}
			}
		},
		{
			"name": "Ore North",
			"from": [6, 2.8, -1],
			"to": [10, 6.8, 4],
			"rotation": {"angle": -22.5, "axis": "x", "origin": [0, 0, 0]},
			"faces": {
				"north": {"uv": [6, 6, 10, 10], "texture": "#ore_top", "cullface": "north"},
				"east": {"uv": [10, 1, 15, 5], "texture": "#ore_side", "cullface": "north"},
				"south": {"uv": [6, 6, 10, 10], "texture": "#ore_side", "cullface": "north"},
				"west": {"uv": [1, 11, 6, 15], "texture": "#ore_side", "cullface": "north"},
				"up": {"uv": [11, 1, 15, 6], "texture": "#ore_side", "cullface": "north"},
				"down": {"uv": [0, 11, 4, 16], "texture": "#ore_side", "cullface": "north"}
			}
		},
		{
			"name": "Ore North",
			"from": [6, 5, -3],
			"to": [10, 9, 2],
			"rotation": {"angle": 22.5, "axis": "z", "origin": [0, 0, 0]},
			"faces": {
				"north": {"uv": [6, 6, 10, 10], "texture": "#ore_top", "cullface": "north"},
				"east": {"uv": [10, 1, 15, 5], "texture": "#ore_side", "cullface": "north"},
				"south": {"uv": [6, 6, 10, 10], "texture": "#ore_side", "cullface": "north"},
				"west": {"uv": [1, 11, 6, 15], "texture": "#ore_side", "cullface": "north"},
				"up": {"uv": [11, 1, 15, 6], "texture": "#ore_side", "cullface": "north"},
				"down": {"uv": [1, 10, 5, 15], "texture": "#ore_side", "cullface": "north"}
			}
		},
		{
			"name": "Ore Top",
			"from": [8.625, 11, 3],
			"to": [13.625, 16, 8],
			"rotation": {"angle": 22.5, "axis": "z", "origin": [0, 0, 0]},
			"faces": {
				"north": {"uv": [1, 1, 6, 6], "texture": "#ore_side", "cullface": "up"},
				"east": {"uv": [10, 1, 15, 6], "texture": "#ore_side", "cullface": "up"},
				"south": {"uv": [1, 1, 6, 6], "texture": "#ore_side", "cullface": "up"},
				"west": {"uv": [5, 5, 10, 10], "texture": "#ore_side", "cullface": "up"},
				"up": {"uv": [5, 5, 10, 10], "texture": "#ore_top", "cullface": "up"},
				"down": {"uv": [5, 5, 10, 10], "texture": "#ore_side", "cullface": "up"}
			}
		},
		{
			"name": "Ore Top",
			"from": [2.325, 17, 6],
			"to": [6.325, 22, 10],
			"rotation": {"angle": -22.5, "axis": "z", "origin": [0, 0, 0]},
			"faces": {
				"north": {"uv": [1, 1, 5, 6], "texture": "#ore_side", "cullface": "up"},
				"east": {"uv": [11, 1, 15, 6], "texture": "#ore_side", "cullface": "up"},
				"south": {"uv": [1, 1, 5, 6], "texture": "#ore_side", "cullface": "up"},
				"west": {"uv": [11, 1, 15, 6], "texture": "#ore_side", "cullface": "up"},
				"up": {"uv": [6, 6, 10, 10], "texture": "#ore_top", "cullface": "up"},
				"down": {"uv": [6, 6, 10, 10], "texture": "#ore_side", "cullface": "up"}
			}
		},
		{
			"name": "Ore Top",
			"from": [0, 14, 11],
			"to": [4, 19, 15],
			"rotation": {"angle": 22.5, "axis": "y", "origin": [0, 0, 0]},
			"faces": {
				"north": {"uv": [1, 1, 5, 6], "texture": "#ore_side", "cullface": "up"},
				"east": {"uv": [11, 1, 15, 6], "texture": "#ore_side", "cullface": "up"},
				"south": {"uv": [1, 1, 5, 6], "texture": "#ore_side", "cullface": "up"},
				"west": {"uv": [11, 1, 15, 6], "texture": "#ore_side", "cullface": "up"},
				"up": {"uv": [6, 6, 10, 10], "texture": "#ore_top", "cullface": "up"},
				"down": {"uv": [6, 6, 10, 10], "texture": "#ore_side", "cullface": "up"}
			}
		},
		{
			"name": "Ore Bottom",
			"from": [7, -7, 8],
			"to": [12, -2, 13],
			"rotation": {"angle": 22.5, "axis": "z", "origin": [0, 0, 0]},
			"faces": {
				"north": {"uv": [1, 10, 6, 15], "texture": "#ore_side", "cullface": "down"},
				"east": {"uv": [1, 10, 6, 15], "texture": "#ore_side", "cullface": "down"},
				"south": {"uv": [10, 10, 15, 15], "texture": "#ore_side", "cullface": "down"},
				"west": {"uv": [1, 10, 6, 15], "texture": "#ore_side", "cullface": "down"},
				"up": {"uv": [5, 5, 10, 10], "texture": "#ore_side", "cullface": "down"},
				"down": {"uv": [5, 5, 10, 10], "texture": "#ore_top", "cullface": "down"}
			}
		},
		{
			"name": "Ore Bottom",
			"from": [2, -6, 5],
			"to": [6, -1, 9],
			"rotation": {"angle": -22.5, "axis": "x", "origin": [0, 0, 0]},
			"faces": {
				"north": {"uv": [1, 10, 5, 15], "texture": "#ore_side", "cullface": "down"},
				"east": {"uv": [11, 10, 15, 15], "texture": "#ore_side", "cullface": "down"},
				"south": {"uv": [1, 10, 5, 15], "texture": "#ore_side", "cullface": "down"},
				"west": {"uv": [11, 10, 15, 15], "texture": "#ore_side", "cullface": "down"},
				"up": {"uv": [6, 6, 10, 10], "texture": "#ore_side", "cullface": "down"},
				"down": {"uv": [6, 6, 10, 10], "texture": "#ore_top", "cullface": "down"}
			}
		},
		{
			"name": "Ore Bottom",
			"from": [8, -3, -1],
			"to": [12, 2, 3],
			"rotation": {"angle": -22.5, "axis": "y", "origin": [0, 0, 0]},
			"faces": {
				"north": {"uv": [11, 10, 15, 15], "texture": "#ore_side", "cullface": "down"},
				"east": {"uv": [11, 10, 15, 15], "texture": "#ore_side", "cullface": "down"},
				"south": {"uv": [1, 10, 5, 15], "texture": "#ore_side", "cullface": "down"},
				"west": {"uv": [1, 10, 5, 15], "texture": "#ore_side", "cullface": "down"},
				"up": {"uv": [6, 6, 10, 10], "texture": "#ore_side", "cullface": "down"},
				"down": {"uv": [6, 6, 10, 10], "texture": "#ore_top", "cullface": "down"}
			}
		}
	]
}