{
  "biomes": [
    [
      {
        "type": "REGISTRY_NAME",
        "negate": false,
        "value": "otg:skylandsliteplus.deep_ocean"
      }
    ],
    [
      {
        "type": "REGISTRY_NAME",
        "negate": false,
        "value": "otg:skylandsliteplus.deep_lukewarm_ocean"
      }
    ],
    [
      {
        "type": "REGISTRY_NAME",
        "negate": false,
        "value": "otg:skylandsliteplus.deep_cold_ocean"
      }
    ],
    [
      {
        "type": "REGISTRY_NAME",
        "negate": false,
        "value": "otg:skylandsliteplus.deep_frozen_ocean"
      }
    ]
  ]
}