{
  "biomes": [
    [
      {
        "type": "BIOME_DICT",
        "negate": false,
        "value": "overworld"
      },
      {
        "type": "BIOME_DICT",
        "negate": false,
        "value": "jungle"
      },
      {
        "type": "REGISTRY_NAME",
        "negate": true,
        "value": "otg:skylandsliteplus.bamboo_jungle"
      },
      {
        "type": "REGISTRY_NAME",
        "negate": true,
        "value": "otg:skylandsliteplus.bamboo_jungle_hills"
      },
      {
        "type": "REGISTRY_NAME",
        "negate": true,
        "value": "biomesoplenty:fungal_jungle"
      }
    ]
  ]
}