{
  "biomes": [
    [
      {
        "type": "REGISTRY_NAME",
        "negate": false,
        "value": "otg:skylandsliteplus.flower_forest"
      }
    ],
    [
      {
        "type": "REGISTRY_NAME",
        "negate": false,
        "value": "otg:skylandsliteplus.sunflower_plains"
      }
    ],
    [
      {
        "type": "BIOME_DICT",
        "negate": false,
        "value": "overworld"
      },
      {
        "type": "BIOME_DICT",
        "negate": false,
        "value": "jungle"
      }
    ]
  ]
}